name,type,image_url
"Absolvição","Espada","https://upload-os-bbs.mihoyo.com/game_record/genshin/equip/UI_EquipIcon_Sword_Estoc.png"
"Akuoumaru","Espadão","https://upload-os-bbs.mihoyo.com/game_record/genshin/equip/UI_EquipIcon_Claymore_Maria.png"
"Caçador do Beco","Arco","https://upload-os-bbs.mihoyo.com/game_record/genshin/equip/UI_EquipIcon_Bow_Outlaw.png"
"Lâmina Amenoma Kageuta","Espada","https://upload-os-bbs.mihoyo.com/game_record/genshin/equip/UI_EquipIcon_Sword_Bakufu.png"
"Arco de Amos","Arco","https://upload-os-bbs.mihoyo.com/game_record/genshin/equip/UI_EquipIcon_Bow_Amos.png"
"Os Sete Éditos da Poeira e Luz","Catalisador","https://upload-os-bbs.mihoyo.com/game_record/genshin/equip/UI_EquipIcon_Catalyst_FairyGarden.png"
"Anotações do Aprendiz","Catalisador","https://upload-os-bbs.mihoyo.com/game_record/genshin/equip/UI_EquipIcon_Catalyst_Apprentice.png"
"Aqua Simulacra","Arco","https://upload-os-bbs.mihoyo.com/game_record/genshin/equip/UI_EquipIcon_Bow_Kirin.png"
"Falcão","Espada","https://upload-os-bbs.mihoyo.com/game_record/genshin/equip/UI_EquipIcon_Sword_Falcon.png"
"Cálice de Chifre Cinza Escarlate","Catalisador","https://upload-os-bbs.mihoyo.com/game_record/genshin/equip/UI_EquipIcon_Catalyst_ConchSprayer.png"
"Plumagem Escarlate do Abutre Astral","Arco","https://upload-os-bbs.mihoyo.com/game_record/genshin/equip/UI_EquipIcon_Bow_Qoyllorsnova.png"
"Chave da Transcendência","Espadão","https://upload-os-bbs.mihoyo.com/game_record/genshin/equip/UI_EquipIcon_Claymore_CrystallineSword.png"
"Corrupção Sombria","Espada","https://upload-os-bbs.mihoyo.com/game_record/genshin/equip/UI_EquipIcon_Sword_Motsognir.png"
"Mil Sóis Ardentes","Espadão","https://upload-os-bbs.mihoyo.com/game_record/genshin/equip/UI_EquipIcon_Claymore_RadianceSword.png"
"Sonhos Flutuantes das Mil Noites","Catalisador","https://upload-os-bbs.mihoyo.com/game_record/genshin/equip/UI_EquipIcon_Catalyst_Ayus.png"
"Azul Brilhante","Espada","https://upload-os-bbs.mihoyo.com/game_record/genshin/equip/UI_EquipIcon_Sword_OuterSword.png"
"Canção do Vasto Azul","Catalisador","https://upload-os-bbs.mihoyo.com/game_record/genshin/equip/UI_EquipIcon_Catalyst_DandelionPoem.png"
"Canção do Fiorde","Lança","https://upload-os-bbs.mihoyo.com/game_record/genshin/equip/UI_EquipIcon_Pole_Shanty.png"
"Sinal dos Mares","Espadão","https://upload-os-bbs.mihoyo.com/game_record/genshin/equip/UI_EquipIcon_Claymore_Deshret.png"
"Protetor de Iniciante","Lança","https://upload-os-bbs.mihoyo.com/game_record/genshin/equip/UI_EquipIcon_Pole_Gewalt.png"
"Ágata do Penhasco Obscuro","Catalisador","https://upload-os-bbs.mihoyo.com/game_record/genshin/equip/UI_EquipIcon_Catalyst_Blackrock.png"
"Espada do Penhasco Obscuro","Espada","https://upload-os-bbs.mihoyo.com/game_record/genshin/equip/UI_EquipIcon_Sword_Blackrock.png"
"Lança do Penhasco Obscuro","Lança","https://upload-os-bbs.mihoyo.com/game_record/genshin/equip/UI_EquipIcon_Pole_Blackrock.png"
"Foice do Penhasco Obscuro","Espadão","https://upload-os-bbs.mihoyo.com/game_record/genshin/equip/UI_EquipIcon_Claymore_Blackrock.png"
"Arco do Penhasco Obscuro","Arco","https://upload-os-bbs.mihoyo.com/game_record/genshin/equip/UI_EquipIcon_Bow_Blackrock.png"
"Lanterna do Tutano Preto","Catalisador","https://upload-os-bbs.mihoyo.com/game_record/genshin/equip/UI_EquipIcon_Catalyst_Ilmarinen.png"
"Borla Preta","Lança","https://upload-os-bbs.mihoyo.com/game_record/genshin/equip/UI_EquipIcon_Pole_Noire.png"
"Lâmina da Redenção","Espadão","https://upload-os-bbs.mihoyo.com/game_record/genshin/equip/UI_EquipIcon_Claymore_GlintstoneClaymore.png"
"Ruínas Ensanguentadas","Lança","https://upload-os-bbs.mihoyo.com/game_record/genshin/equip/UI_EquipIcon_Pole_TummaLyhty.png"
"Espadão Sangrento","Espadão","https://upload-os-bbs.mihoyo.com/game_record/genshin/equip/UI_EquipIcon_Claymore_Siegfry.png"
"Calamidade de Eshu","Espada","https://upload-os-bbs.mihoyo.com/game_record/genshin/equip/UI_EquipIcon_Sword_SacrificialNgombe.png"
"Subjugadora de Calamidades","Lança","https://upload-os-bbs.mihoyo.com/game_record/genshin/equip/UI_EquipIcon_Pole_Santika.png"
"Supervisão de Caixa","Catalisador","https://upload-os-bbs.mihoyo.com/game_record/genshin/equip/UI_EquipIcon_Catalyst_Wheatley.png"
"Quebrador de Correntes","Arco","https://upload-os-bbs.mihoyo.com/game_record/genshin/equip/UI_EquipIcon_Bow_Isikhulu.png"
"Haste de Cinábrio","Espada","https://upload-os-bbs.mihoyo.com/game_record/genshin/equip/UI_EquipIcon_Sword_Opus.png"
"Duelo de Reis","Catalisador","https://upload-os-bbs.mihoyo.com/game_record/genshin/equip/UI_EquipIcon_Catalyst_SandMemoria.png"
"Tocador de Nuvens","Arco","https://upload-os-bbs.mihoyo.com/game_record/genshin/equip/UI_EquipIcon_Bow_Ultimatum.png"
"Arco Composto","Arco","https://upload-os-bbs.mihoyo.com/game_record/genshin/equip/UI_EquipIcon_Bow_Exotic.png"
"Lâmina Fria","Espada","https://upload-os-bbs.mihoyo.com/game_record/genshin/equip/UI_EquipIcon_Sword_Steel.png"
"Pacto do Gelo e Neve","Arco","https://upload-os-bbs.mihoyo.com/game_record/genshin/equip/UI_EquipIcon_Bow_GlintstoneBow.png"
"Chamado Ecoante da Garça","Catalisador","https://upload-os-bbs.mihoyo.com/game_record/genshin/equip/UI_EquipIcon_Catalyst_MountainGale.png"
"Pique Crescente","Lança","https://upload-os-bbs.mihoyo.com/game_record/genshin/equip/UI_EquipIcon_Pole_Exotic.png"
"Semblante da Lua Carmesim","Lança","https://upload-os-bbs.mihoyo.com/game_record/genshin/equip/UI_EquipIcon_Pole_BloodMoon.png"
"Espada de Ferro Negro","Espada","https://upload-os-bbs.mihoyo.com/game_record/genshin/equip/UI_EquipIcon_Sword_Darker.png"
"Estrela Gelada","Catalisador","https://upload-os-bbs.mihoyo.com/game_record/genshin/equip/UI_EquipIcon_Catalyst_Ziedas.png"
"Lança do Duelo","Lança","https://upload-os-bbs.mihoyo.com/game_record/genshin/equip/UI_EquipIcon_Pole_Gladiator.png"
"Pacifista","Espadão","https://upload-os-bbs.mihoyo.com/game_record/genshin/equip/UI_EquipIcon_Claymore_Reasoning.png"
"Conversas dos Sábios do Deserto","Lança","https://upload-os-bbs.mihoyo.com/game_record/genshin/equip/UI_EquipIcon_Pole_Caduceus.png"
"Desastre e Remorso","Lança","https://upload-os-bbs.mihoyo.com/game_record/genshin/equip/UI_EquipIcon_Pole_Carbine.png"
"Contos de Dodoco","Catalisador","https://upload-os-bbs.mihoyo.com/game_record/genshin/equip/UI_EquipIcon_Catalyst_Ludiharpastum.png"
"Perdição do Dragão","Lança","https://upload-os-bbs.mihoyo.com/game_record/genshin/equip/UI_EquipIcon_Pole_Stardust.png"
"Lança da Espinha do Dragão","Lança","https://upload-os-bbs.mihoyo.com/game_record/genshin/equip/UI_EquipIcon_Pole_Everfrost.png"
"Lâmina Sem Fio","Espada","https://upload-os-bbs.mihoyo.com/game_record/genshin/equip/UI_EquipIcon_Sword_Blunt.png"
"Estremecedor da Terra","Espadão","https://upload-os-bbs.mihoyo.com/game_record/genshin/equip/UI_EquipIcon_Claymore_Isikhulu.png"
"Ecos do Coração","Catalisador","https://upload-os-bbs.mihoyo.com/game_record/genshin/equip/UI_EquipIcon_Catalyst_GlintstoneCatalyst.png"
"Elegia do Suspiro Final","Arco","https://upload-os-bbs.mihoyo.com/game_record/genshin/equip/UI_EquipIcon_Bow_Widsith.png"
"Fonte da Ignição","Espada","https://upload-os-bbs.mihoyo.com/game_record/genshin/equip/UI_EquipIcon_Sword_GlintstoneSword.png"
"Orbe de Esmeralda","Catalisador","https://upload-os-bbs.mihoyo.com/game_record/genshin/equip/UI_EquipIcon_Catalyst_Jade.png"
"Águas Secas","Arco","https://upload-os-bbs.mihoyo.com/game_record/genshin/equip/UI_EquipIcon_Bow_Fin.png"
"Luz do Cortador de Grama","Lança","https://upload-os-bbs.mihoyo.com/game_record/genshin/equip/UI_EquipIcon_Pole_Narukami.png"
"Lira do Tecedor da Luz","Catalisador","https://upload-os-bbs.mihoyo.com/game_record/genshin/equip/UI_EquipIcon_Catalyst_SeeliesLute.png"
"Fumetsu Gekka","Catalisador","https://upload-os-bbs.mihoyo.com/game_record/genshin/equip/UI_EquipIcon_Catalyst_Kaleido.png"
"Sabre da Ponta Estelar","Espada","https://upload-os-bbs.mihoyo.com/game_record/genshin/equip/UI_EquipIcon_Sword_WeaponQuestSnezhnaya.png"
"Olho da Percepção","Catalisador","https://upload-os-bbs.mihoyo.com/game_record/genshin/equip/UI_EquipIcon_Catalyst_Truelens.png"
"Crepúsculo Desvanecido","Arco","https://upload-os-bbs.mihoyo.com/game_record/genshin/equip/UI_EquipIcon_Bow_Fallensun.png"
"Presa do Rei da Montanha","Espadão","https://upload-os-bbs.mihoyo.com/game_record/genshin/equip/UI_EquipIcon_Claymore_EmeraldSword.png"
"Codex de Favonius","Catalisador","https://upload-os-bbs.mihoyo.com/game_record/genshin/equip/UI_EquipIcon_Catalyst_Zephyrus.png"
"Grande Espada de Favonius","Espadão","https://upload-os-bbs.mihoyo.com/game_record/genshin/equip/UI_EquipIcon_Claymore_Zephyrus.png"
"Lança de Favonius","Lança","https://upload-os-bbs.mihoyo.com/game_record/genshin/equip/UI_EquipIcon_Pole_Zephyrus.png"
"Espada de Favonius","Espada","https://upload-os-bbs.mihoyo.com/game_record/genshin/equip/UI_EquipIcon_Sword_Zephyrus.png"
"Arco de Favonius","Arco","https://upload-os-bbs.mihoyo.com/game_record/genshin/equip/UI_EquipIcon_Bow_Zephyrus.png"
"Sombra de Ferro","Espadão","https://upload-os-bbs.mihoyo.com/game_record/genshin/equip/UI_EquipIcon_Claymore_Glaive.png"
"Espada Pútrida","Espada","https://upload-os-bbs.mihoyo.com/game_record/genshin/equip/UI_EquipIcon_Sword_Magnum.png"
"Lâmina de Filés","Espada","https://upload-os-bbs.mihoyo.com/game_record/genshin/equip/UI_EquipIcon_Sword_Sashimi.png"
"Epílogo das Profundezas","Espada","https://upload-os-bbs.mihoyo.com/game_record/genshin/equip/UI_EquipIcon_Sword_Vorpal.png"
"Forja da Sabedoria","Espadão","https://upload-os-bbs.mihoyo.com/game_record/genshin/equip/UI_EquipIcon_Claymore_Polilith.png"
"Cruzamento de Fleuve Cendre","Espada","https://upload-os-bbs.mihoyo.com/game_record/genshin/equip/UI_EquipIcon_Sword_Machination.png"
"Penas Cercadas de Flores","Arco","https://upload-os-bbs.mihoyo.com/game_record/genshin/equip/UI_EquipIcon_Bow_Umpakati.png"
"Fluxo da Pureza","Catalisador","https://upload-os-bbs.mihoyo.com/game_record/genshin/equip/UI_EquipIcon_Catalyst_Vorpal.png"
"Flauta de Ezpitzal","Espada","https://upload-os-bbs.mihoyo.com/game_record/genshin/equip/UI_EquipIcon_Sword_Isikhulu.png"
"Trilha do Arco-Íris","Lança","https://upload-os-bbs.mihoyo.com/game_record/genshin/equip/UI_EquipIcon_Pole_Isikhulu.png"
"Espada Real da Floresta","Espadão","https://upload-os-bbs.mihoyo.com/game_record/genshin/equip/UI_EquipIcon_Claymore_Arakalari.png"
"Forjada pela Lei Dourada","Espadão","https://upload-os-bbs.mihoyo.com/game_record/genshin/equip/UI_EquipIcon_Claymore_EscapeWheel.png"
"Resplendor Fragmentado","Lança","https://upload-os-bbs.mihoyo.com/game_record/genshin/equip/UI_EquipIcon_Pole_Perdix.png"
"Juramento pela Liberdade","Espada","https://upload-os-bbs.mihoyo.com/game_record/genshin/equip/UI_EquipIcon_Sword_Widsith.png"
"Fruto do Sabugueiro","Catalisador","https://upload-os-bbs.mihoyo.com/game_record/genshin/equip/UI_EquipIcon_Catalyst_Everfrost.png"
"Sopro Gélido","Lança","https://upload-os-bbs.mihoyo.com/game_record/genshin/equip/UI_EquipIcon_Pole_FaesCrystalle.png"
"Gancho Frutífero","Espadão","https://upload-os-bbs.mihoyo.com/game_record/genshin/equip/UI_EquipIcon_Claymore_Umpakati.png"
"Fruto da Abundância","Catalisador","https://upload-os-bbs.mihoyo.com/game_record/genshin/equip/UI_EquipIcon_Catalyst_Arakalari.png"
"Balada do Poderoso Lobo","Espadão","https://upload-os-bbs.mihoyo.com/game_record/genshin/equip/UI_EquipIcon_Claymore_EnsisAquilonis.png"
"Ramo Dourado do Juramento Gelado","Arco","https://upload-os-bbs.mihoyo.com/game_record/genshin/equip/UI_EquipIcon_Bow_Alkonost.png"
"Anel de Hakushin","Catalisador","https://upload-os-bbs.mihoyo.com/game_record/genshin/equip/UI_EquipIcon_Catalyst_Bakufu.png"
"Alabarda","Lança","https://upload-os-bbs.mihoyo.com/game_record/genshin/equip/UI_EquipIcon_Pole_Halberd.png"
"Arco Quebra-Demônios","Arco","https://upload-os-bbs.mihoyo.com/game_record/genshin/equip/UI_EquipIcon_Bow_Bakufu.png"
"Maremoto da Lua de Futsu","Espada","https://upload-os-bbs.mihoyo.com/game_record/genshin/equip/UI_EquipIcon_Sword_Amenoma.png"
"Prenúncio do Alvorecer","Espada","https://upload-os-bbs.mihoyo.com/game_record/genshin/equip/UI_EquipIcon_Sword_Dawn.png"
"Lâmina Derretida do Herege","Espada","https://upload-os-bbs.mihoyo.com/game_record/genshin/equip/UI_EquipIcon_Sword_SerpentTooth.png"
"Arco do Caçador","Arco","https://upload-os-bbs.mihoyo.com/game_record/genshin/equip/UI_EquipIcon_Bow_Hunters.png"
"Caminho do Caçador","Arco","https://upload-os-bbs.mihoyo.com/game_record/genshin/equip/UI_EquipIcon_Bow_Ayus.png"
"Bico de Íbis","Arco","https://upload-os-bbs.mihoyo.com/game_record/genshin/equip/UI_EquipIcon_Bow_Ibis.png"
"Ponta de Ferro","Lança","https://upload-os-bbs.mihoyo.com/game_record/genshin/equip/UI_EquipIcon_Pole_Rod.png"
"Espinho de Ferro","Espada","https://upload-os-bbs.mihoyo.com/game_record/genshin/equip/UI_EquipIcon_Sword_Exotic.png"
"Esplendor Índigo","Catalisador","https://upload-os-bbs.mihoyo.com/game_record/genshin/equip/UI_EquipIcon_Catalyst_Morax.png"
"Vista da Jade Primordial","Arco","https://upload-os-bbs.mihoyo.com/game_record/genshin/equip/UI_EquipIcon_Bow_ShatteredMirror.png"
"Kagotsurube Isshin","Espada","https://upload-os-bbs.mihoyo.com/game_record/genshin/equip/UI_EquipIcon_Sword_Youtou.png"
"Prova de Kagura","Catalisador","https://upload-os-bbs.mihoyo.com/game_record/genshin/equip/UI_EquipIcon_Catalyst_Narukami.png"
"Espada Grande de Katsuragi","Espadão","https://upload-os-bbs.mihoyo.com/game_record/genshin/equip/UI_EquipIcon_Claymore_Bakufu.png"
"Chave de Hierofania","Espada","https://upload-os-bbs.mihoyo.com/game_record/genshin/equip/UI_EquipIcon_Sword_Deshret.png"
"Vassalo do Rei","Arco","https://upload-os-bbs.mihoyo.com/game_record/genshin/equip/UI_EquipIcon_Bow_Arakalari.png"
"Lança Cruzada de Kitain","Lança","https://upload-os-bbs.mihoyo.com/game_record/genshin/equip/UI_EquipIcon_Pole_Bakufu.png"
"Fragmento Lunar da Luz","Espada","https://upload-os-bbs.mihoyo.com/game_record/genshin/equip/UI_EquipIcon_Sword_SilverwareSaw.png"
"Luz das Folhas Cortadas","Espada","https://upload-os-bbs.mihoyo.com/game_record/genshin/equip/UI_EquipIcon_Sword_Ayus.png"
"Rugido do Leão","Espada","https://upload-os-bbs.mihoyo.com/game_record/genshin/equip/UI_EquipIcon_Sword_Rockkiller.png"
"Espada Antiga de Millelith","Espadão","https://upload-os-bbs.mihoyo.com/game_record/genshin/equip/UI_EquipIcon_Claymore_Lapis.png"
"Lança de Millelith","Lança","https://upload-os-bbs.mihoyo.com/game_record/genshin/equip/UI_EquipIcon_Pole_Lapis.png"
"Oração Perdida aos Ventos Sagrados","Catalisador","https://upload-os-bbs.mihoyo.com/game_record/genshin/equip/UI_EquipIcon_Catalyst_Fourwinds.png"
"Elegia Lumidouce","Lança","https://upload-os-bbs.mihoyo.com/game_record/genshin/equip/UI_EquipIcon_Pole_Muguet.png"
"Lorde do Mar Luxuoso","Espadão","https://upload-os-bbs.mihoyo.com/game_record/genshin/equip/UI_EquipIcon_Claymore_MillenniaTuna.png"
"Guia de Magia","Catalisador","https://upload-os-bbs.mihoyo.com/game_record/genshin/equip/UI_EquipIcon_Catalyst_Intro.png"
"Flor de Aço","Espadão","https://upload-os-bbs.mihoyo.com/game_record/genshin/equip/UI_EquipIcon_Claymore_Fleurfair.png"
"Água-Marinha de Mahara","Espadão","https://upload-os-bbs.mihoyo.com/game_record/genshin/equip/UI_EquipIcon_Claymore_Pleroma.png"
"Mappa Mare","Catalisador","https://upload-os-bbs.mihoyo.com/game_record/genshin/equip/UI_EquipIcon_Catalyst_Exotic.png"
"Chave Mestra","Espadão","https://upload-os-bbs.mihoyo.com/game_record/genshin/equip/UI_EquipIcon_Claymore_Ilmarinen.png"
"Memória da Poeira","Catalisador","https://upload-os-bbs.mihoyo.com/game_record/genshin/equip/UI_EquipIcon_Catalyst_Kunwu.png"
"Mensageiro","Arco","https://upload-os-bbs.mihoyo.com/game_record/genshin/equip/UI_EquipIcon_Bow_Msg.png"
"Lâmina do Vento Mensageiro","Lança","https://upload-os-bbs.mihoyo.com/game_record/genshin/equip/UI_EquipIcon_Pole_Windvane.png"
"Cortadora da Neblina Reforjada","Espada","https://upload-os-bbs.mihoyo.com/game_record/genshin/equip/UI_EquipIcon_Sword_Narukami.png"
"Valsa do Crepúsculo","Arco","https://upload-os-bbs.mihoyo.com/game_record/genshin/equip/UI_EquipIcon_Bow_Nachtblind.png"
"Perfurador de Luas","Lança","https://upload-os-bbs.mihoyo.com/game_record/genshin/equip/UI_EquipIcon_Pole_Arakalari.png"
"Alvorada do Tecedor do Luar","Espada","https://upload-os-bbs.mihoyo.com/game_record/genshin/equip/UI_EquipIcon_Sword_Miekka.png"
"Prego Esmagador de Montanhas","Lança","https://upload-os-bbs.mihoyo.com/game_record/genshin/equip/UI_EquipIcon_Pole_Umpakati.png"
"Lua de Mouun","Arco","https://upload-os-bbs.mihoyo.com/game_record/genshin/equip/UI_EquipIcon_Bow_Maria.png"
"Luneta do Tecedor da Noite","Catalisador","https://upload-os-bbs.mihoyo.com/game_record/genshin/equip/UI_EquipIcon_Catalyst_MenulisRing.png"
"Cortinas Noturnas","Catalisador","https://upload-os-bbs.mihoyo.com/game_record/genshin/equip/UI_EquipIcon_Catalyst_Brisingamen.png"
"Olho do Juramento","Catalisador","https://upload-os-bbs.mihoyo.com/game_record/genshin/equip/UI_EquipIcon_Catalyst_Jyanome.png"
"Espada do Mercenário","Espadão","https://upload-os-bbs.mihoyo.com/game_record/genshin/equip/UI_EquipIcon_Claymore_Oyaji.png"
"Histórias de Outros Mundos","Catalisador","https://upload-os-bbs.mihoyo.com/game_record/genshin/equip/UI_EquipIcon_Catalyst_Lightnov.png"
"Canção da Patrulha do Pico","Espada","https://upload-os-bbs.mihoyo.com/game_record/genshin/equip/UI_EquipIcon_Sword_XochitlsTube.png"
"Grimório de Bolso","Catalisador","https://upload-os-bbs.mihoyo.com/game_record/genshin/equip/UI_EquipIcon_Catalyst_Pocket.png"
"Estrela Invernal","Arco","https://upload-os-bbs.mihoyo.com/game_record/genshin/equip/UI_EquipIcon_Bow_Worldbane.png"
"Serra Elétrica Portátil","Espadão","https://upload-os-bbs.mihoyo.com/game_record/genshin/equip/UI_EquipIcon_Claymore_Mechanic.png"
"Predador","Arco","https://upload-os-bbs.mihoyo.com/game_record/genshin/equip/UI_EquipIcon_Bow_Predator.png"
"Cortador de Jade Primordial","Espada","https://upload-os-bbs.mihoyo.com/game_record/genshin/equip/UI_EquipIcon_Sword_Morax.png"
"Lança de Jade Primitiva","Lança","https://upload-os-bbs.mihoyo.com/game_record/genshin/equip/UI_EquipIcon_Pole_Morax.png"
"Espada Famosa da ""Arte Isshin""","Espada",""
"Espada Famosa da ""Arte Isshin""","Espada",""
"Espada Famosa da ""Arte Isshin""","Espada",""
"Broca do Prospector","Lança","https://upload-os-bbs.mihoyo.com/game_record/genshin/equip/UI_EquipIcon_Pole_Mechanic.png"
"Pá do Escavador","Lança","https://upload-os-bbs.mihoyo.com/game_record/genshin/equip/UI_EquipIcon_Pole_Ilmarinen.png"
"Protótipo Âmbar","Catalisador","https://upload-os-bbs.mihoyo.com/game_record/genshin/equip/UI_EquipIcon_Catalyst_Proto.png"
"Protótipo Arcaico","Espadão","https://upload-os-bbs.mihoyo.com/game_record/genshin/equip/UI_EquipIcon_Claymore_Proto.png"
"Protótipo da Luz Lunar Pálida","Arco","https://upload-os-bbs.mihoyo.com/game_record/genshin/equip/UI_EquipIcon_Bow_Proto.png"
"Protótipo Rancor","Espada","https://upload-os-bbs.mihoyo.com/game_record/genshin/equip/UI_EquipIcon_Sword_Proto.png"
"Protótipo Estelar","Lança","https://upload-os-bbs.mihoyo.com/game_record/genshin/equip/UI_EquipIcon_Pole_Proto.png"
"Cordas da Chuva da Serpente Arco-Íris","Arco","https://upload-os-bbs.mihoyo.com/game_record/genshin/equip/UI_EquipIcon_Bow_ElegguaBow.png"
"Segadeira da Chuva","Espadão","https://upload-os-bbs.mihoyo.com/game_record/genshin/equip/UI_EquipIcon_Claymore_Perdue.png"
"Medidor de Alcance","Arco","https://upload-os-bbs.mihoyo.com/game_record/genshin/equip/UI_EquipIcon_Bow_Mechanic.png"
"Arco de Corvo","Arco","https://upload-os-bbs.mihoyo.com/game_record/genshin/equip/UI_EquipIcon_Bow_Crowfeather.png"
"Arco Recurvado","Arco","https://upload-os-bbs.mihoyo.com/game_record/genshin/equip/UI_EquipIcon_Bow_Curve.png"
"Chifres Vermelhos Destruidores de Pedras","Espadão","https://upload-os-bbs.mihoyo.com/game_record/genshin/equip/UI_EquipIcon_Claymore_Itadorimaru.png"
"Relicário da Verdade","Catalisador","https://upload-os-bbs.mihoyo.com/game_record/genshin/equip/UI_EquipIcon_Catalyst_Sistrum.png"
"Justa Recompensa","Lança","https://upload-os-bbs.mihoyo.com/game_record/genshin/equip/UI_EquipIcon_Pole_Vorpal.png"
"Anel de Yaxche","Catalisador","https://upload-os-bbs.mihoyo.com/game_record/genshin/equip/UI_EquipIcon_Catalyst_Isikhulu.png"
"Arco Real","Arco","https://upload-os-bbs.mihoyo.com/game_record/genshin/equip/UI_EquipIcon_Bow_Theocrat.png"
"Espadão Real","Espadão","https://upload-os-bbs.mihoyo.com/game_record/genshin/equip/UI_EquipIcon_Claymore_Theocrat.png"
"Grimório Real","Catalisador","https://upload-os-bbs.mihoyo.com/game_record/genshin/equip/UI_EquipIcon_Catalyst_Theocrat.png"
"Espada Longa Real","Espada","https://upload-os-bbs.mihoyo.com/game_record/genshin/equip/UI_EquipIcon_Sword_Theocrat.png"
"Lança de Caça Real","Lança","https://upload-os-bbs.mihoyo.com/game_record/genshin/equip/UI_EquipIcon_Pole_Theocrat.png"
"Arco Enferrujado","Arco","https://upload-os-bbs.mihoyo.com/game_record/genshin/equip/UI_EquipIcon_Bow_Recluse.png"
"Cajado do Sacrificador","Lança","https://upload-os-bbs.mihoyo.com/game_record/genshin/equip/UI_EquipIcon_Pole_Krivule.png"
"Arco do Sacrifício","Arco","https://upload-os-bbs.mihoyo.com/game_record/genshin/equip/UI_EquipIcon_Bow_Fossil.png"
"Memórias de Sacrifício","Catalisador","https://upload-os-bbs.mihoyo.com/game_record/genshin/equip/UI_EquipIcon_Catalyst_Fossil.png"
"Espadão do Sacrifício","Espadão","https://upload-os-bbs.mihoyo.com/game_record/genshin/equip/UI_EquipIcon_Claymore_Fossil.png"
"Sacrifício de Jade","Catalisador","https://upload-os-bbs.mihoyo.com/game_record/genshin/equip/UI_EquipIcon_Catalyst_Yue.png"
"Espada do Sacrifício","Espada","https://upload-os-bbs.mihoyo.com/game_record/genshin/equip/UI_EquipIcon_Sword_Fossil.png"
"Espada de Madeira","Espada","https://upload-os-bbs.mihoyo.com/game_record/genshin/equip/UI_EquipIcon_Sword_Arakalari.png"
"Herdeiro do Sol","Arco","https://upload-os-bbs.mihoyo.com/game_record/genshin/equip/UI_EquipIcon_Bow_Gurabad.png"
"Arco do Caçador Experiente","Arco","https://upload-os-bbs.mihoyo.com/game_record/genshin/equip/UI_EquipIcon_Bow_Old.png"
"Ritmo da Solidão","Arco","https://upload-os-bbs.mihoyo.com/game_record/genshin/equip/UI_EquipIcon_Bow_Stinger.png"
"Chamado da Serenidade","Espada","https://upload-os-bbs.mihoyo.com/game_record/genshin/equip/UI_EquipIcon_Sword_Ilmarinen.png"
"Espinha Dorsal da Serpente","Espadão","https://upload-os-bbs.mihoyo.com/game_record/genshin/equip/UI_EquipIcon_Claymore_Kione.png"
"Juramento de Sagitário","Arco","https://upload-os-bbs.mihoyo.com/game_record/genshin/equip/UI_EquipIcon_Bow_Arjuna.png"
"Cordas da Chuva Branca","Arco","https://upload-os-bbs.mihoyo.com/game_record/genshin/equip/UI_EquipIcon_Bow_Arcdange.png"
"Espada de Prata","Espada","https://upload-os-bbs.mihoyo.com/game_record/genshin/equip/UI_EquipIcon_Sword_Silver.png"
"Espadão do Cavaleiro do Céu","Espadão","https://upload-os-bbs.mihoyo.com/game_record/genshin/equip/UI_EquipIcon_Claymore_Mitsurugi.png"
"Espada do Cavaleiro do Céu","Espada","https://upload-os-bbs.mihoyo.com/game_record/genshin/equip/UI_EquipIcon_Sword_Mitsurugi.png"
"Atlas Celestial","Catalisador","https://upload-os-bbs.mihoyo.com/game_record/genshin/equip/UI_EquipIcon_Catalyst_Dvalin.png"
"Espada Celestial","Espada","https://upload-os-bbs.mihoyo.com/game_record/genshin/equip/UI_EquipIcon_Sword_Dvalin.png"
"Harpa Celestial","Arco","https://upload-os-bbs.mihoyo.com/game_record/genshin/equip/UI_EquipIcon_Bow_Dvalin.png"
"Orgulho Celestial","Espadão","https://upload-os-bbs.mihoyo.com/game_record/genshin/equip/UI_EquipIcon_Claymore_Dvalin.png"
"Espinha Celestial","Lança","https://upload-os-bbs.mihoyo.com/game_record/genshin/equip/UI_EquipIcon_Pole_Dvalin.png"
"Estilingue","Arco","https://upload-os-bbs.mihoyo.com/game_record/genshin/equip/UI_EquipIcon_Bow_Sling.png"
"Gancho da Armadilha","Arco","https://upload-os-bbs.mihoyo.com/game_record/genshin/equip/UI_EquipIcon_Bow_Ilmarinen.png"
"Estrela de Prata Enterrada na Neve","Espadão","https://upload-os-bbs.mihoyo.com/game_record/genshin/equip/UI_EquipIcon_Claymore_Dragonfell.png"
"Pérola Solar","Catalisador","https://upload-os-bbs.mihoyo.com/game_record/genshin/equip/UI_EquipIcon_Catalyst_Resurrection.png"
"Canção dos Pinhos","Espadão","https://upload-os-bbs.mihoyo.com/game_record/genshin/equip/UI_EquipIcon_Claymore_Widsith.png"
"Canção do Silêncio","Arco","https://upload-os-bbs.mihoyo.com/game_record/genshin/equip/UI_EquipIcon_Bow_Vorpal.png"
"Canção da Vigília","Lança","https://upload-os-bbs.mihoyo.com/game_record/genshin/equip/UI_EquipIcon_Pole_GlintstonePolearm.png"
"Esplendor das Águas Silenciosas","Espada","https://upload-os-bbs.mihoyo.com/game_record/genshin/equip/UI_EquipIcon_Sword_Regalis.png"
"Báculo de Homa","Lança","https://upload-os-bbs.mihoyo.com/game_record/genshin/equip/UI_EquipIcon_Pole_Homa.png"
"Báculo das Areias Escarlates","Lança","https://upload-os-bbs.mihoyo.com/game_record/genshin/equip/UI_EquipIcon_Pole_Deshret.png"
"Observatório do Chamador de Estrelas","Catalisador","https://upload-os-bbs.mihoyo.com/game_record/genshin/equip/UI_EquipIcon_Catalyst_Figurines.png"
"Osso Robusto","Espada","https://upload-os-bbs.mihoyo.com/game_record/genshin/equip/UI_EquipIcon_Sword_Umpakati.png"
"Cortador de Montanhas","Espada","https://upload-os-bbs.mihoyo.com/game_record/genshin/equip/UI_EquipIcon_Sword_Kunwu.png"
"Hibernação Matinal do Ano Novo","Catalisador","https://upload-os-bbs.mihoyo.com/game_record/genshin/equip/UI_EquipIcon_Catalyst_SakuraFan.png"
"Hora do Surfe","Catalisador","https://upload-os-bbs.mihoyo.com/game_record/genshin/equip/UI_EquipIcon_Catalyst_MechaPufferfish.png"
"Espada do Advento","Espada","https://upload-os-bbs.mihoyo.com/game_record/genshin/equip/UI_EquipIcon_Sword_Psalmus.png"
"Espada da Cruz de Narcissus","Espada","https://upload-os-bbs.mihoyo.com/game_record/genshin/equip/UI_EquipIcon_Sword_Purewill.png"
"Sinfonista de Aromas","Lança","https://upload-os-bbs.mihoyo.com/game_record/genshin/equip/UI_EquipIcon_Pole_Trident.png"
"Diálogo","Espadão","https://upload-os-bbs.mihoyo.com/game_record/genshin/equip/UI_EquipIcon_Claymore_BeastTamer.png"
"Fofocas Breves do Pavilhão","Lança","https://upload-os-bbs.mihoyo.com/game_record/genshin/equip/UI_EquipIcon_Pole_Aoandon.png"
"Brilho do Beco","Espada","https://upload-os-bbs.mihoyo.com/game_record/genshin/equip/UI_EquipIcon_Sword_Outlaw.png"
"O Sino","Espadão","https://upload-os-bbs.mihoyo.com/game_record/genshin/equip/UI_EquipIcon_Claymore_Troupe.png"
"Espada Negra","Espada","https://upload-os-bbs.mihoyo.com/game_record/genshin/equip/UI_EquipIcon_Sword_Bloodstained.png"
"""A Fisgada""","Lança","https://upload-os-bbs.mihoyo.com/game_record/genshin/equip/UI_EquipIcon_Pole_Mori.png"
"As Crônicas do Amanhecer","Arco","https://upload-os-bbs.mihoyo.com/game_record/genshin/equip/UI_EquipIcon_Bow_Arianna.png"
"A Doca","Espada","https://upload-os-bbs.mihoyo.com/game_record/genshin/equip/UI_EquipIcon_Sword_Mechanic.png"
"Arcana Original","Arco","https://upload-os-bbs.mihoyo.com/game_record/genshin/equip/UI_EquipIcon_Bow_Pledge.png"
"A Flauta","Espada","https://upload-os-bbs.mihoyo.com/game_record/genshin/equip/UI_EquipIcon_Sword_Troupe.png"
"Último Acorde","Arco","https://upload-os-bbs.mihoyo.com/game_record/genshin/equip/UI_EquipIcon_Bow_Troupe.png"
"Espada Áspera","Espadão","https://upload-os-bbs.mihoyo.com/game_record/genshin/equip/UI_EquipIcon_Claymore_Kunwu.png"
"Arco Esmeralda do Caçador","Arco","https://upload-os-bbs.mihoyo.com/game_record/genshin/equip/UI_EquipIcon_Bow_Viridescent.png"
"Sinfonia dos Indolentes","Catalisador","https://upload-os-bbs.mihoyo.com/game_record/genshin/equip/UI_EquipIcon_Catalyst_Troupe.png"
"Histórias Extraordinárias de Caçadores de Dragões","Catalisador","https://upload-os-bbs.mihoyo.com/game_record/genshin/equip/UI_EquipIcon_Catalyst_Pulpfic.png"
"Agitação Trovejante","Arco","https://upload-os-bbs.mihoyo.com/game_record/genshin/equip/UI_EquipIcon_Bow_Narukami.png"
"Lâmina das Ondas","Espadão","https://upload-os-bbs.mihoyo.com/game_record/genshin/equip/UI_EquipIcon_Claymore_Vorpal.png"
"Rito do Fluxo Eterno","Catalisador","https://upload-os-bbs.mihoyo.com/game_record/genshin/equip/UI_EquipIcon_Catalyst_Iudex.png"
"Chuva Floral","Espada","https://upload-os-bbs.mihoyo.com/game_record/genshin/equip/UI_EquipIcon_Sword_Kasabouzu.png"
"Espada do Viajante","Espada","https://upload-os-bbs.mihoyo.com/game_record/genshin/equip/UI_EquipIcon_Sword_Traveler.png"
"Reminiscências de Tulaytullah","Catalisador","https://upload-os-bbs.mihoyo.com/game_record/genshin/equip/UI_EquipIcon_Catalyst_Alaya.png"
"Nefrita Gêmea","Catalisador","https://upload-os-bbs.mihoyo.com/game_record/genshin/equip/UI_EquipIcon_Catalyst_Phoney.png"
"Mega Ultra Espada Mágica do Soberano","Espadão","https://upload-os-bbs.mihoyo.com/game_record/genshin/equip/UI_EquipIcon_Claymore_Champion.png"
"Urakugo Rensai","Espada","https://upload-os-bbs.mihoyo.com/game_record/genshin/equip/UI_EquipIcon_Sword_Needle.png"
"Veredito","Espadão","https://upload-os-bbs.mihoyo.com/game_record/genshin/equip/UI_EquipIcon_Claymore_GoldenVerdict.png"
"Coração Resplandecente","Catalisador","https://upload-os-bbs.mihoyo.com/game_record/genshin/equip/UI_EquipIcon_Catalyst_VaresaTransformer.png"
"Perfuradora Prismática","Lança","https://upload-os-bbs.mihoyo.com/game_record/genshin/equip/UI_EquipIcon_Pole_Kunwu.png"
"Estrela Itinerante","Catalisador","https://upload-os-bbs.mihoyo.com/game_record/genshin/equip/UI_EquipIcon_Catalyst_Pleroma.png"
"Espadão do Julgamento","Espadão","https://upload-os-bbs.mihoyo.com/game_record/genshin/equip/UI_EquipIcon_Claymore_Aniki.png"
"Barbatana do Quebra Ondas","Lança","https://upload-os-bbs.mihoyo.com/game_record/genshin/equip/UI_EquipIcon_Pole_Maria.png"
"Redemoinho das Ondas","Catalisador","https://upload-os-bbs.mihoyo.com/game_record/genshin/equip/UI_EquipIcon_Catalyst_Umpakati.png"
"Sombra Branca","Espadão","https://upload-os-bbs.mihoyo.com/game_record/genshin/equip/UI_EquipIcon_Claymore_Exotic.png"
"Espadão de Ferro Branco","Espadão","https://upload-os-bbs.mihoyo.com/game_record/genshin/equip/UI_EquipIcon_Claymore_Tin.png"
"Asa Gelada do Lago Branco","Espada","https://upload-os-bbs.mihoyo.com/game_record/genshin/equip/UI_EquipIcon_Sword_Swanlake.png"
"Borla Branca","Lança","https://upload-os-bbs.mihoyo.com/game_record/genshin/equip/UI_EquipIcon_Pole_Ruby.png"
"Ode à Brisa Florescente","Arco","https://upload-os-bbs.mihoyo.com/game_record/genshin/equip/UI_EquipIcon_Bow_Fleurfair.png"
"Vinho e Música","Catalisador","https://upload-os-bbs.mihoyo.com/game_record/genshin/equip/UI_EquipIcon_Catalyst_Outlaw.png"
"Farpa","Espada","https://upload-os-bbs.mihoyo.com/game_record/genshin/equip/UI_EquipIcon_Sword_Boreas.png"
"Túmulo do Lobo","Espadão","https://upload-os-bbs.mihoyo.com/game_record/genshin/equip/UI_EquipIcon_Claymore_Wolfmound.png"
"Luz Lunar de Xiphos","Espada","https://upload-os-bbs.mihoyo.com/game_record/genshin/equip/UI_EquipIcon_Sword_Pleroma.png"
